<?xml version="1.0" encoding="UTF-8"?>
<!DOCTYPE suite SYSTEM "https://testng.org/testng-1.0.dtd">
<suite name="Suite" >

<listeners>
    <listener class-name="utilities.ExtentReportManager"/>
  </listeners>
 
<test  name="chromeTest" thread-count="3">
  <parameter name="browser" value="chrome"/>
    <classes>
      <class name="testCases.TC_001_UserInfoTest"/>
      <class name="testCases.TC_002_OneCognizantPage"/>
      <class name="testCases.TC_003_InputBox"/>
      <class name="testCases.TC_004_ClickOnTruTime"/>
      <class name="testCases.TC_005_VerifyWeekDetails"/>
      <class name="testCases.TC_006_VerifyCurrentDate"/>
      <class name="testCases.TC_007_VerifyMonthAndYear"/>
      <class name="testCases.TC_008_VerifyBackDate"/>
      <class name="testCases.TC_009_VerifyLegends"/>
    </classes>
  </test>   
  
<test  name="edgetest" thread-count="3">
  <parameter name="browser" value="edge"/>
    <classes>
      <class name="testCases.TC_001_UserInfoTest"/>
      <class name="testCases.TC_002_OneCognizantPage"/>
      <class name="testCases.TC_003_InputBox"/>
      <class name="testCases.TC_004_ClickOnTruTime"/>
      <class name="testCases.TC_005_VerifyWeekDetails"/>
      <class name="testCases.TC_006_VerifyCurrentDate"/>
      <class name="testCases.TC_007_VerifyMonthAndYear"/>
      <class name="testCases.TC_008_VerifyBackDate"/>
      <class name="testCases.TC_009_VerifyLegends"/> 
    </classes>
  </test> 
  </suite>